TDSFU Daily run: Sun Oct 19 12:26:41 UTC 2025 TDSFU
TDSFU Daily run: Mon Oct 20 04:36:19 UTC 2025 TDSFU
TDSFU Daily run: Tue Oct 21 04:34:03 UTC 2025 TDSFU
TDSFU Daily run: Wed Oct 22 04:35:15 UTC 2025 TDSFU
TDSFU Daily run: Thu Oct 23 04:33:48 UTC 2025 TDSFU
TDSFU Daily run: Fri Oct 24 04:33:12 UTC 2025 TDSFU
TDSFU Daily run: Sat Oct 25 04:32:28 UTC 2025 TDSFU
TDSFU Daily run: Sun Oct 26 04:32:47 UTC 2025 TDSFU
TDSFU Daily run: Mon Oct 27 04:41:37 UTC 2025 TDSFU
TDSFU Daily run: Tue Oct 28 04:34:23 UTC 2025 TDSFU
TDSFU Daily run: Wed Oct 29 04:39:23 UTC 2025 TDSFU
TDSFU Daily run: Thu Oct 30 04:34:11 UTC 2025 TDSFU
TDSFU Daily run: Fri Oct 31 04:36:16 UTC 2025 TDSFU
TDSFU Daily run: Sat Nov  1 04:32:04 UTC 2025 TDSFU
TDSFU Daily run: Sun Nov  2 04:34:35 UTC 2025 TDSFU
